{
  "rmse": 3.5904431152343648,
  "mae": 3.5904431152343648,
  "mape": 1.9698486395097188
}